Word,Frequency
the,2786
to,1451
of,1325
and,1231
in,1027
a,889
for,611
is,571
fuel,492
that,445
with,402
as,387
on,382
be,368
at,333
will,333
this,325
are,295
from,275
by,269
has,235
it,232
have,217
vlsfo,200
oil,192
we,185
shipping,183
fuels,181
bunker,173
an,169
sulphur,166
ships,161
not,154
price,146
per,141
year,136
more,135
prices,133
can,133
new,129
or,124
which,121
its,120
global,115
emissions,113
low,110
market,110
carbon,110
hsfo,105
been,104
was,100
marine,99
their,98
up,97
lng,97
but,93
bunkering,91
than,91
these,91
there,91
singapore,89
energy,87
now,86
green,86
also,85
they,85
between,84
vessels,83
industry,83
ship,83
high,82
over,82
very,80
said,80
would,79
all,77
today,77
demand,77
supply,74
first,73
years,72
most,70
one,69
methanol,69
into,68
imo,67
spread,66
so,65
scrubber,65
fleet,65
last,64
some,64
use,64
technology,63
time,62
about,62
other,61
maritime,61
world’s,60
around,60
many,60
could,59
ton,59
when,59
owners,57
tanker,57
scrubbers,56
our,56
two,55
if,55
out,54
while,54
were,54
what,54
need,54
maersk,54
recent,53
just,53
week,52
tonne,52
largest,52
higher,52
future,52
decarbonisation,52
no,51
cap,51
such,50
vessel,49
see,49
cost,49
being,48
however,46
world,46
us,46
months,45
how,45
only,44
ports,44
since,43
likely,43
day,42
less,42
production,42
january,42
crude,41
engine,41
even,41
next,41
levels,41
zero,41
rotterdam,40
average,40
used,40
make,40
propulsion,40
costs,40
mgo,40
report,39
splash,39
seen,39
had,39
current,39
gas,39
ammonia,39
well,39
rates,39
where,38
using,38
sector,38
start,37
further,37
should,37
month,37
already,37
power,36
still,35
data,35
end,35
down,35
under,35
ceo,35
going,35
increase,34
according,34
much,34
across,34
change,34
reduce,34
due,34
alternative,34
any,32
trade,32
take,32
i,32
lower,31
way,31
including,31
port,31
may,31
operators,31
available,31
biofuel,31
biofuels,31
transition,31
below,30
weeks,30
same,30
far,30
wind,30
help,29
you,29
top,29
significant,29
atomic,29
differential,28
large,28
markets,28
shipowners,28
major,28
then,28
company,28
suppliers,28
total,28
currently,28
engines,28
waste,28
those,27
number,27
terms,27
international,27
coming,27
compared,27
gap,26
companies,26
hub,26
container,26
capacity,26
flow,26
it’s,25
three,25
technologies,25
during,25
fossil,25
regulations,24
hfo,24
both,24
risk,24
period,24
past,24
come,24
yesterday,24
chain,24
expect,24
tankers,24
investment,24
mass,24
bio-lng,24
hubs,23
quality,23
products,23
clean,23
impact,23
who,23
leading,23
like,23
solutions,23
nuclear,23
get,23
existing,23
infrastructure,23
euronav,23
latest,22
set,22
means,22
full,22
research,22
volumes,22
trading,22
key,22
result,22
before,22
systems,22
sustainable,22
carriers,22
needed,22
delivery,21
looking,21
vlcc,21
analysts,21
premium,21
vlccs,21
business,21
design,21
capture,21
do,21
days,21
expensive,21
long,21
through,21
spot,21
cargo,20
expected,20
after,20
increased,20
fitted,20
without,20
commercial,20
making,20
availability,20
off,20
bunkers,20
onboard,20
drop,20
term,20
reduction,20
operational,20
storage,20
freight,20
m-msr,20
towards,19
operations,19
able,19
look,19
run,19
compliant,19
noted,19
europe,19
them,19
project,19
bulk,19
today’s,19
good,19
installed,19
limited,19
provide,19
customers,19
remain,18
dry,18
level,18
back,18
benefits,18
become,18
possible,18
march,18
soon,18
study,18
black,18
range,18
within,18
meet,18
important,18
options,18
neutral,18
delivered,18
value,18
ghg,18
pilot,18
yet,17
adding,17
product,17
close,17
right,17
economic,17
stated,17
issues,17
rise,17
early,17
lead,17
why,17
given,17
ago,17
case,17
working,17
continue,17
go,17
enough,17
analysis,17
because,17
move,17
forward,17
head,17
despite,17
made,17
tonnes,17
challenge,17
deliver,17
trial,17
de,17
based,17
record,16
point,16
east,16
diesel,16
main,16
seeing,16
heavy,16
potential,16
earlier,16
support,16
almost,16
ahead,16
content,16
running,16
decade,16
services,16
dual-fuel,16
order,16
teu,16
people,16
does,16
hydrogen,16
here,16
again,16
clear,16
few,16
sales,16
against,16
required,16
scale,16
fame,16
renewable,16
financial,16
investments,16
must,16
cma,16
live,16
once,16
alphatanker,16
known,15
china,15
shipping’s,15
tonnage,15
tons,15
climate,15
issue,15
told,15
big,15
basis,15
changes,15
least,15
emission,15
summer,15
produce,15
carrier,15
savings,15
safety,15
advanced,15
globally,15
produced,15
plans,15
reducing,15
small,15
earnings,15
competitive,15
says,15
remains,14
transport,14
growing,14
middle,14
above,14
half,14
november,14
blends,14
pressure,14
switch,14
sea,14
blended,14
reported,14
houston,14
group,14
asia,14
system,14
pay,14
lot,14
he,14
source,14
huge,14
consumption,14
greater,14
decarbonise,14
conventional,14
part,14
installation,14
physical,14
process,14
synthetic,14
levy,14
cgm,14
barrel,13
increasingly,13
pricing,13
points,13
voyage,13
share,13
payback,13
liner,13
suggested,13
mark,13
shows,13
industry’s,13
single,13
development,13
director,13
four,13
different,13
environmental,13
announced,13
open,13
greenhouse,13
larger,13
real,13
solution,13
sectors,13
targets,13
-,13
strong,13
recently,13
effective,13
among,13
away,12
july,12
concerns,12
firm,12
predicted,12
class,12
society,12
highest,12
fujairah,12
installations,12
arctic,12
takes,12
place,12
news,12
regulation,12
refiners,12
might,12
waiting,12
tanks,12
operation,12
compliance,12
efficiency,12
batteries,12
create,12
five,12
building,12
challenges,12
charter,12
every,12
initial,12
own,12
operating,12
adoption,12
whether,12
increasing,12
retail,12
maersk’s,12
release,12
stoop,12
situation,11
dropped,11
warned,11
february,11
april,11
rather,11
ever,11
institute,11
published,11
show,11
line,11
significantly,11
deliveries,11
cases,11
launched,11
deal,11
added,11
don’t,11
believe,11
work,11
turn,11
fully,11
put,11
technical,11
mix,11
choice,11
smaller,11
transparency,11
developed,11
drop-in,11
hvo,11
best,11
export,11
extra,11
methane,11
reduced,11
too,11
volume,11
metric,11
buying,11
overall,11
implementation,11
zero-carbon,11
net,11
index,11
find,11
coronavirus,11
premiums,10
sources,10
throughout,10
reports,10
priced,10
especially,10
resulting,10
weekly,10
owner,10
shippers,10
times,10
difference,10
register,10
water,10
sold,10
compounds,10
rising,10
ukraine,10
another,10
types,10
merchant,10
environment,10
aromatic,10
sent,10
particularly,10
sediment,10
little,10
better,10
multiple,10
general,10
know,10
several,10
construction,10
that’s,10
cannot,10
air,10
dual,10
speed,10
attractive,10
daily,10
biggest,10
brought,10
blend,10
-built,10
bp,10
ensure,10
dam,10
tfg,10
follow,10
learning,10
pathway,10
potentially,10
combined,10
chains,10
braemar,10
provides,10
bunkerex,10
sails,10
management,10
trades,10
pollution,10
shift,10
introduction,10
old,10
traders,10
singapore’s,9
found,9
series,9
broker,9
countries,9
fast,9
numbers,9
question,9
cause,9
damage,9
hit,9
distillate,9
although,9
came,9
brent,9
contract,9
note,9
suggests,9
wake,9
action,9
develop,9
considering,9
answer,9
joint,9
vps,9
problem,9
carried,9
similar,9
along,9
feeder,9
exhaust,9
chinese,9
october,9
thus,9
orders,9
we’re,9
battery,9
operate,9
cheap,9
containerships,9
calculation,9
risks,9
blue,9
think,9
built,9
finally,9
retrofit,9
second,9
newbuild,9
collaboration,9
build,9
indices,9
makes,9
face,9
decades,9
plan,9
relatively,9
left,9
widely,9
goals,9
roughly,9
focus,9
meter,9
meters,9
buyers,9
address,9
results,9
burning,9
conditions,9
amount,9
strategy,9
rapid,9
uk,9
economics,9
spreads,9
date,9
standard,9
saw,9
uncertainty,9
mt,9
learn,9
additional,9
usage,9
advantage,9
public,9
picture,9
covid-,9
quarter,9
majors,9
nearly,8
highs,8
tight,8
lack,8
issued,8
samples,8
pointed,8
non-scrubber,8
opportunity,8
clarksons,8
chief,8
analyst,8
commented,8
jensen,8
prior,8
pandemic,8
lloyd’s,8
off-spec,8
refinery,8
clearly,8
stands,8
example,8
clients,8
resulted,8
immediate,8
crisis,8
effect,8
letter,8
problems,8
owned,8
great,8
coast,8
dominant,8
setting,8
meaning,8
m,8
account,8
manager,8
well-to-wake,8
option,8
comes,8
your,8
near,8
happen,8
difficult,8
actually,8
sailing,8
dnv,8
readers,8
paper,8
eu,8
perhaps,8
danish,8
either,8
liners,8
partners,8
bulkers,8
installing,8
quickly,8
require,8
offer,8
alternatives,8
needs,8
target,8
approximately,8
respondents,8
reliable,8
standards,8
insight,8
volatility,8
gcmd,8
absolute,8
slow,8
detailed,8
short,8
suggest,8
longer,8
access,8
providing,8
reach,8
we’ve,8
profit,8
actual,8
taxes,8
requirements,8
planning,8
rotor,8
drive,8
capesize,8
collapse,8
continued,8
gasoil,8
scrapping,8
older,8
life,8
having,8
electric,8
boxships,8
sea-lng,8
poseidon,8
recycling,8
lsfo,8
mintzmyer,8
region,7
states,7
something,7
position,7
exports,7
returns,7
stay,7
never,7
rules,7
alone,7
starting,7
concern,7
contamination,7
unit,7
margins,7
russian,7
fall,7
beginning,7
december,7
figure,7
territory,7
agency,7
submission,7
alliance,7
massive,7
senior,7
questions,7
august,7
petroleum,7
european,7
specifications,7
keep,7
contracts,7
south,7
local,7
type,7
itself,7
lost,7
volatile,7
force,7
scrubber-fitted,7
estimates,7
majority,7
revealed,7
extended,7
containerline,7
man,7
containership,7
shipowner,7
yards,7
zero-emission,7
want,7
hope,7
invest,7
invested,7
improve,7
click,7
money,7
industrial,7
hyundai,7
mipo,7
dockyard,7
continuing,7
generation,7
powered,7
bimco,7
includes,7
role,7
viable,7
dramatically,7
manufacturing,7
entire,7
imo’s,7
therefore,7
approach,7
joined,7
survey,7
opportunities,7
taking,7
showed,7
positive,7
assurance,7
ultimately,7
trafigura,7
third,7
participants,7
allow,7
include,7
efficient,7
though,7
relative,7
thing,7
leaving,7
asset,7
refining,7
paid,7
routes,7
install,7
annual,7
view,7
managers,7
refuelling,7
increases,7
activity,7
furthermore,7
monthly,7
amid,7
independent,7
units,7
looks,7
coalition,7
biomethane,7
true-zero,7
debate,7
cheaper,7
natural,7
clarkson,7
etc,7
fo-eq,7
outlook,7
grades,7
cycle,7
seem,7
effects,7
plum,7
trend,7
appears,7
testing,6
c,6
west,6
gasoline,6
highly,6
supplies,6
forecast,6
agree,6
equipment,6
putting,6
post,6
fresh,6
scandal,6
facing,6
fobas,6
hard,6
moreover,6
surcharges,6
unlikely,6
crossed,6
following,6
orderbook,6
landmark,6
german,6
organization,6
isn’t,6
accelerate,6
did,6
alerts,6
era,6
perfect,6
later,6
started,6
supplier,6
subsequently,6
tracked,6
stood,6
final,6
traditional,6
measures,6
gives,6
developing,6
msc,6
discussions,6
things,6
concluded,6
visibility,6
otherwise,6
bringing,6
rely,6
couple,6
service,6
title,6
regulatory,6
changed,6
each,6
ordered,6
cruise,6
am,6
projects,6
allows,6
cut,6
extremely,6
beyond,6
commodity,6
assessed,6
methyl,6
rapidly,6
demonstrate,6
sustainability,6
decarbonising,6
reductions,6
overcome,6
factors,6
holding,6
offers,6
ability,6
agricultural,6
equivalent,6
net-zero,6
company’s,6
knowledge,6
ethylene,6
lifecycle,6
achieve,6
losses,6
figures,6
purchase,6
add,6
eventually,6
subsequent,6
breaking,6
essential,6
argued,6
mandatory,6
antwerp,6
initiative,6
shipboard,6
together,6
deployed,6
focused,6
crucial,6
indeed,6
doesn’t,6
animals,6
credit,6
warming,6
ambition,6
becoming,6
room,6
september,6
eco,6
fundamentals,6
differentials,6
track,6
russia,6
purchasing,6
framework,6
creating,6
charterers,6
stability,6
footprint,6
thinking,6
journey,6
demolition,6
cover,6
age,6
logistics,6
passed,6
six,6
acm,6
rate,6
particular,6
banks,6
respectively,6
p,6
gulf,6
engie,6
various,6
combustion,6
size,6
call,6
writes,6
model,6
newbuilds,6
unprecedented,6
driver,6
e,6
effectively,6
primary,6
principles,6
financing,6
begin,6
challenging,6
skou,6
outlier,6
gradually,6
-year,6
vs,6
coolant,6
saying,6
signs,6
strategies,6
appetite,6
ogryczak,6
prompt,5
platform,5
emerging,5
regarding,5
taken,5
nature,5
india,5
interest,5
burn,5
noting,5
thanks,5
western,5
probably,5
happy,5
rasmussen,5
accelerating,5
lars,5
manufacturers,5
update,5
carry,5
glencore,5
contain,5
fact,5
followed,5
invasion,5
reaching,5
xeneta,5
eight,5
save,5
waters,5
proportion,5
claimed,5
finland,5
swift,5
called,5
john,5
spent,5
guidance,5
aware,5
naval,5
loss,5
executive,5
discussed,5
meeting,5
friday,5
detected,5
chemical,5
contaminated,5
bought,5
recorded,5
all-time,5
saving,5
lng-fuelled,5
miles,5
consortium,5
mediterranean,5
chairman,5
progress,5
remaining,5
president,5
bureau,5
swire,5
flexible,5
say,5
until,5
easily,5
anything,5
north,5
opinion,5
faster,5
dual-fuelled,5
fuelled,5
tells,5
wants,5
outside,5
giving,5
university,5
spend,5
equipped,5
capital,5
safe,5
contracted,5
baltic,5
successfully,5
driven,5
segments,5
estimated,5
averaged,5
me,5
adrian,5
play,5
transitions,5
cost-effective,5
industry-wide,5
certain,5
factor,5
uses,5
feedstocks,5
output,5
derived,5
scalable,5
sulfur,5
steps,5
gt,5
discussion,5
response,5
protect,5
side,5
supporting,5
practices,5
locations,5
severely,5
introduce,5
floating,5
test,5
liquefied,5
path,5
million,5
balance,5
requires,5
took,5
quite,5
simply,5
technological,5
worth,5
generated,5
billion,5
push,5
feel,5
degree,5
steaming,5
crews,5
continues,5
wrote,5
areas,5
records,5
barges,5
dwt,5
seems,5
optimised,5
national,5
wider,5
meaningful,5
bio,5
decisions,5
marpol,5
bulker,5
trials,5
designed,5
digital,5
hence,5
complete,5
form,5
consider,5
short-term,5
addition,5
performance,5
combination,5
incentive,5
ets,5
giant,5
information,5
benchmark,5
negative,5
cleaning,5
opex,5
barrels,5
operator,5
becomes,5
ocean,5
provided,5
elsewhere,5
late,5
elevated,5
t,5
anticipating,5
certainly,5
widen,5
regular,5
d,5
replaced,5
aim,5
buy,5
aircraft,5
table,5
principle,5
finance,5
investor,5
peter,5
moller,5
success,5
decision,5
chris,5
space,5
closer,5
depending,5
undertaken,5
compete,5
costly,5
always,5
predicting,5
believes,5
versus,5
barge,5
refineries,5
maintenance,5
heat,5
unique,5
implemented,5
anticipate,5
sentiment,5
australia,5
tolson,5
coupled,5
narrowing,5
moment,5
experiencing,5
narrow,5
bodies,5
independents,5
cargoes,5
monjasa,5
fallen,4
destinations,4
flows,4
reason,4
year’s,4
norwegian,4
observed,4
double,4
dock,4
fit,4
playing,4
field,4
grow,4
recession,4
bimco’s,4
falling,4
consultancy,4
low-sulphur,4
linkedin,4
lorentzen,4
co,4
limit,4
pumps,4
components,4
surging,4
check,4
finding,4
europe’s,4
containerlines,4
gains,4
ice,4
ban,4
hybrid,4
supported,4
comply,4
dr,4
created,4
serious,4
vlsfos,4
ngo,4
ibia,4
veritas,4
amsterdam,4
verification,4
law,4
coastal,4
stock,4
government,4
light,4
host,4
caused,4
dollar,4
narrowed,4
decrease,4
reporting,4
nautical,4
iea,4
forum,4
mikal,4
got,4
stakeholders,4
germino,4
stressed,4
specific,4
let’s,4
pacific,4
she,4
absolutely,4
necessary,4
investing,4
nothing,4
happening,4
singapore-based,4
captured,4
heavily,4
bring,4
my,4
give,4
act,4
ship’s,4
sees,4
speaking,4
unless,4
exist,4
decide,4
complexity,4
plays,4
consulting,4
lose,4
abundant,4
rest,4
iron,4
expansion,4
shipyards,4
containers,4
revolution,4
procurement,4
released,4
represents,4
shorter,4
really,4
gain,4
ester,4
embracing,4
practical,4
delivering,4
can’t,4
normal,4
calls,4
argues,4
modifications,4
scaling,4
historically,4
limitations,4
delivers,4
quantities,4
readily,4
chartered,4
fatty,4
acid,4
recycled,4
engaged,4
association,4
poor,4
protection,4
assets,4
harm,4
eliminate,4
story,4
comprehensive,4
authorities,4
jurisdictions,4
mpa,4
outbreak,4
uae,4
facilities,4
centre,4
dioxide,4
end-to-end,4
medium,4
assess,4
aims,4
route,4
extend,4
lynn,4
lowering,4
burns,4
trade-offs,4
intensity,4
mostly,4
growth,4
promising,4
proven,4
zero-emissions,4
suggesting,4
ambitious,4
avoid,4
weak,4
behind,4
tend,4
charters,4
sign,4
sought,4
dropping,4
suezmaxes,4
implications,4
integrity,4
confidence,4
projected,4
terminals,4
committed,4
robust,4
whilst,4
course,4
deciding,4
truly,4
hemnani,4
capable,4
department,4
favour,4
closed,4
lows,4
ensuring,4
perspective,4
measure,4
adopting,4
outcome,4
learnings,4
transportation,4
fixed,4
compatibility,4
sense,4
norsepower,4
profile,4
party,4
wait,4
agreed,4
ore,4
switching,4
gibsons,4
goal,4
details,4
coal,4
ifo,4
history,4
showing,4
virus,4
indicate,4
stand,4
previous,4
jefferies,4
reached,4
sister,4
hand,4
vintage,4
speeds,4
consumers,4
dramatic,4
chile,4
critical,4
meets,4
quick,4
revenue,4
governments,4
french,4
try,4
claims,4
core-power,4
legislation,4
learnt,4
fit-for-purpose,4
durable,4
polluter,4
molten,4
reactor,4
penalties,4
benefit,4
seaborne,4
atmosphere,4
enjoy,4
leaders,4
perform,4
stimulate,4
competition,4
mj,4
internal,4
household,4
reduces,4
lobby,4
rose,4
levies,4
g,4
transparent,4
assuming,4
lng-powered,4
china’s,4
substantial,4
replacement,4
base,4
land,4
resources,4
remember,4
step,4
manage,4
plus,4
runway,4
fraction,4
advocates,4
enable,4
transformation,4
return,4
gl,4
losing,4
reality,4
navigate,4
complex,4
bunkermetric,4
recovery,4
hudson,4
somewhat,4
depressed,4
shown,4
tools,4
bad,4
reckons,4
active,4
oldest,4
prove,4
free,4
parts,4
m-msrs,4
image,4
hands,4
long-term,4
felt,4
australian,4
sailings,4
decline,4
pmi,4
contraction,4
interview,4
conversely,4
weakness,4
liquidity,4
peak,4
store,4
cancelling,4
sustained,4
dalzell,4
upcoming,4
tucker,4
his,4
belgian,4
germany,4
interesting,4
availabilities,4
stocks,4
omegra,4
arbitrage,4
expects,4
livestock,4
farmers,4
loop,4
non-compliance,4
grade,3
iso,3
republic,3
driving,3
fearnleys,3
struggling,3
break,3
preferred,3
developments,3
niels,3
calling,3
ranging,3
context,3
prospect,3
southeast,3
warning,3
injectors,3
petrochina,3
concentration,3
chlorinated,3
shot,3
led,3
extreme,3
moves,3
risen,3
feu,3
laden,3
contained,3
noticeable,3
demanding,3
rule,3
introduced,3
policy,3
allowed,3
containing,3
link,3
yes,3
halt,3
status,3
organisations,3
gone,3
believed,3
relation,3
supplied,3
excess,3
partner,3
gearing,3
related,3
shared,3
eastern,3
repeatedly,3
zhoushan,3
area,3
managed,3
americas,3
associated,3
multi-million,3
incredibly,3
forced,3
runs,3
cu,3
connected,3
core,3
additive,3
barrow,3
audience,3
aspects,3
pointing,3
highlighted,3
regions,3
moved,3
industries,3
commenting,3
tech,3
unni,3
insights,3
happens,3
kosmala,3
i’m,3
placed,3
event,3
methanol-fuelled,3
entirely,3
vlsfo-fuelled,3
anyone,3
birth,3
done,3
ourselves,3
denmark,3
copenhagen,3
environmentally,3
sure,3
circles,3
triple,3
tried,3
aboard,3
dominated,3
scene,3
deployment,3
hull,3
henrik,3
newbuilding,3
precision,3
korea,3
names,3
alternatively,3
remarkably,3
images,3
external,3
percentage,3
turned,3
efforts,3
writing,3
viewed,3
forms,3
emerge,3
entering,3
component,3
assessment,3
cooking,3
assessments,3
choices,3
covering,3
examined,3
dollars,3
highlights,3
possibility,3
replace,3
liquid,3
approaches,3
addressing,3
viability,3
kind,3
exposed,3
represent,3
scarce,3
sourced,3
offering,3
consensus,3
retrofitting,3
leave,3
polluting,3
diverse,3
previously,3
japanese,3
operated,3
players,3
forces,3
japan’s,3
japan,3
largely,3
certified,3
-page,3
quantity,3
likewise,3
accept,3
basic,3
themselves,3
broke,3
affected,3
filter,3
elements,3
steeped,3
old-fashioned,3
outmoded,3
kenneth,3
website,3
venture,3
fredriksen,3
founded,3
urged,3
short-changed,3
metes,3
representing,3
appeal,3
fighting,3
purchased,3
straits,3
malaysia,3
stena,3
stage,3
remarccable,3
realising,3
aimed,3
establish,3
commercially,3
successful,3
professor,3
barriers,3
exceed,3
book,3
bullet,3
exists,3
lies,3
direct,3
assist,3
generate,3
amounts,3
toxic,3
executives,3
went,3
faces,3
brings,3
won’t,3
chance,3
leaves,3
mean,3
sufficient,3
tenth,3
we’ll,3
inherent,3
transported,3
innovation,3
tipped,3
brokers,3
sizes,3
similarly,3
values,3
periods,3
name,3
measurement,3
globe,3
prax,3
fortuna,3
follows,3
innovative,3
resource,3
invaded,3
margin,3
steady,3
ishaan,3
expecting,3
winter,3
classification,3
opaque,3
spokesperson,3
switched,3
ready,3
everyone,3
launch,3
align,3
near-term,3
minimal,3
distribution,3
norms,3
abatement,3
nor,3
whose,3
signatories,3
extent,3
involving,3
numerous,3
identified,3
promises,3
substantially,3
tested,3
established,3
mindset,3
brighter,3
roro,3
doing,3
maximum,3
combining,3
economies,3
consistently,3
providers,3
vessel’s,3
financiers,3
agreements,3
understanding,3
solve,3
voyages,3
progressive,3
road,3
rio,3
one-year,3
load,3
temperature,3
averaging,3
creeping,3
widening,3
iranian,3
norden,3
board,3
network,3
consumed,3
cape,3
country,3
sanctions,3
bills,3
quarterly,3
lehman,3
brothers,3
war,3
talks,3
lines,3
spike,3
entered,3
widened,3
chart,3
via,3
inventories,3
seven-year,3
trends,3
cst,3
boil-off,3
shell,3
they’ve,3
jumped,3
coverage,3
feature,3
wednesday,3
r,3
collective,3
explained,3
seemingly,3
residual,3
amazon,3
happened,3
trigger,3
jobs,3
blah,3
afford,3
achieved,3
goods,3
salt,3
msrs,3
accidents,3
emit,3
msr,3
stored,3
completely,3
cheapest,3
smoke,3
mature,3
intermittent,3
landscape,3
hydrocarbon,3
lpg,3
solar,3
producing,3
straightforward,3
front,3
reportedly,3
sail,3
heading,3
maintained,3
adjusted,3
reimbursement,3
state,3
radical,3
assumptions,3
conservative,3
assume,3
assumption,3
bill,3
enhanced,3
lifetime,3
alongside,3
historical,3
burned,3
estimate,3
compatible,3
slip,3
committee,3
biogas,3
actively,3
adequate,3
timeline,3
ongoing,3
facility,3
easier,3
steadily,3
futures,3
sand,3
stick,3
heating,3
calculations,3
statistics,3
fleets,3
direction,3
overlooked,3
posed,3
matters,3
aon,3
exposure,3
collapsed,3
broken,3
organisation,3
fis,3
london,3
oversupply,3
present,3
somewhere,3
investors,3
greener,3
preparing,3
meanwhile,3
leap,3
bottom,3
economically,3
prominent,3
renewables,3
impossible,3
walk-away,3
breakers,3
constant,3
moving,3
leasing,3
terrestrial,3
reactors,3
mandated,3
density,3
adjustments,3
forecasts,3
ways,3
suddenly,3
nippon,3
yard,3
ammonia-fuelled,3
acute,3
castrol,3
nevertheless,3
fascinating,3
adapting,3
tended,3
lubricant,3
prospects,3
implementing,3
asp,3
blanked,3
ccfi,3
year-on-year,3
xsi,3
scfi,3
wci,3
chosen,3
import,3
leader,3
readings,3
slowing,3
stores,3
drops,3
severe,3
undoubtedly,3
processing,3
sending,3
hin,3
leong,3
tip,3
ducked,3
dealing,3
control,3
saudi,3
arabia,3
patterns,3
instead,3
pending,3
jump,3
centred,3
practice,3
theoretical,3
shipbroking,3
described,3
stance,3
edge,3
hugo,3
euronav’s,3
ulccs,3
ought,3
magazine,3
guidelines,3
rodgers,3
ultra,3
leszczynski,3
site,3
banned,3
hear,3
alternate,3
investor’s,3
sludge,3
seeking,3
financially,3
us-china,3
true,3
carriage,3
bound,3
graph,3
derivatives,3
stocking,3
distillation,3
saral,3
deadline,3
unknowns,3
hardware,3
post-,3
sheep,3
carrying,3
decks,3
welfare,3
msi,3
blending,3
typically,3
stark,2
dates,2
avoiding,2
alert,2
flash,2
requirement,2
damaging,2
hitting,2
stronger,2
exceptionally,2
restricted,2
segment,2
disparity,2
non-eco,2
eyeing,2
rival,2
convinced,2
eagerly,2
reflection,2
reap,2
bigger,2
vespucci,2
held,2
advent,2
realistic,2
asian,2
advisory,2
article,2
steve,2
christy,2
sizeable,2
contrast,2
wti,2
shipbrokers,2
stemoco,2
lag,2
gross,2
funded,2
forebear,2
ngos,2
prohibiting,2
maggs,2
seas,2
questioned,2
written,2
representatives,2
prepared,2
immediately,2
iacs,2
imarest,2
royal,2
architects,2
ara,2
cimac,2
named,2
formation,2
widespread,2
seven,2
concentrated,2
proposed,2
failed,2
tests,2
non-compliant,2
cropping,2
blocks,2
filters,2
bradley,2
hill,2
dickinson,2
storm,2
litigators,2
radically,2
carefully,2
grinding,2
scarcity,2
virtually,2
plying,2
whatever,2
hindu,2
newspaper,2
comment,2
notably,2
keen,2
bunker-related,2
bonded,2
retailed,2
dealers,2
considered,2
checker,2
texan,2
presence,2
dicyclopentadiene,2
dcpd,2
isomers,2
dcpds,2
unsaturated,2
sticky,2
viscous,2
topping,2
court,2
hi-,2
fuelling,2
enjoyed,2
rivals,2
vast,2
par,2
equivalency,2
seaspan,2
length,2
b,2
tank,2
knots,2
focusing,2
manufacturer,2
shanghai,2
examine,2
session,2
vice,2
offshore,2
whole,2
array,2
social,2
aspect,2
optimisation,2
atlantic,2
easy,2
anybody,2
connect,2
polychronopoulou,2
crew,2
exactly,2
synergy,2
collecting,2
doubts,2
ordering,2
loaded,2
sophisticated,2
propel,2
slightly,2
fewer,2
wooden,2
everybody,2
labour,2
sam,2
advised,2
understand,2
union,2
places,2
well-known,2
selling,2
involved,2
involves,2
unveiled,2
keenly,2
opened,2
floodgates,2
drydock,2
launching,2
completed,2
structures,2
teams,2
popular,2
milestones,2
cross,2
twitter,2
com,2
initially,2
june,2
predictions,2
word,2
winner,2
mixes,2
argus,2
reflects,2
very-low,2
media,2
evolve,2
vital,2
instance,2
logistical,2
billions,2
second-generation,2
fill,2
charterer,2
proposition,2
enter,2
phase,2
characteristics,2
allowing,2
feedstock,2
first-generation,2
crops,2
food,2
lignocellulosic,2
biomass,2
sustainably,2
relying,2
house,2
marubeni,2
corporation,2
gaschem,2
netherlands,2
refiner,2
commonly,2
biodiesel,2
thetius,2
foreign,2
maintain,2
sibcon,2
prefer,2
program,2
believing,2
willing,2
afforded,2
authors,2
seafarers,2
transactions,2
controls,2
protecting,2
interests,2
sprawling,2
legal,2
battles,2
injection,2
purifier,2
drew,2
praise,2
commitment,2
piece,2
tough,2
worst,2
authority,2
fraud,2
electronic,2
laid,2
united,2
onto,2
alfa,2
laval,2
american,2
offloading,2
member,2
plants,2
targeting,2
kg,2
high-sulphur,2
s,2
-day,2
deep-sea,2
loo,2
views,2
piloting,2
organization’s,2
silver,2
explore,2
primarily,2
albeit,2
resistance,2
improving,2
commitments,2
improvement,2
harness,2
assistance,2
designing,2
embrace,2
variety,2
electricity,2
equals,2
trillion,2
shifts,2
slippage,2
disastrous,2
budget,2
keeping,2
usual,2
enormous,2
tool,2
stretch,2
wasn’t,2
affect,2
balancing,2
rich,2
hovering,2
three-year,2
picking,2
getting,2
aframaxes,2
hannisdahl,2
fund,2
long-awaited,2
cyclical,2
discuss,2
willingness,2
picked,2
gases,2
traditionally,2
densities,2
monitor,2
adjustment,2
vulnerable,2
incorrect,2
compares,2
annually,2
expanding,2
acquisition,2
ii,2
joins,2
harvest,2
northeast,2
northwestern,2
firmly,2
vesselsvalue,2
reflected,2
latter,2
former,2
plunged,2
uneconomic,2
ticking,2
online,2
worse,2
lsmgo,2
press,2
others,2
lifting,2
read,2
boost,2
utilisation,2
cash,2
route-based,2
facilitating,2
barrier,2
first-of-its-kind,2
positioned,2
stakeholder,2
pain,2
organisation’s,2
exploring,2
annex,2
vi,2
hurdles,2
undertaking,2
corridors,2
clydebank,2
declaration,2
esters,2
conducted,2
business-as-usual,2
assessing,2
cao,2
unlike,2
utility,2
tuomas,2
riski,2
often,2
tightening,2
high-priced,2
demands,2
gavin,2
allwright,2
secretary,2
windship,2
-degree,2
greatest,2
sc,2
connector,2
decided,2
mw,2
propeller,2
optimal,2
train,2
builds,2
delayed,2
schedule,2
relationships,2
strategic,2
dynamics,2
amongst,2
split,2
conflict,2
rush,2
collaborative,2
spirit,2
gradual,2
parliament,2
politicians,2
signed,2
mining,2
tinto,2
supplying,2
rtm,2
tasman,2
agreement,2
refuelled,2
corrosion,2
impacts,2
supertanker,2
minus,2
equally,2
uptake,2
earning,2
wide,2
traded,2
mainly,2
generating,2
carbon-neutral,2
opted,2
nyk,2
sas,2
returning,2
commodities,2
reviewed,2
climbed,2
lockdowns,2
particles,2
accelerated,2
bunkerama,2
surge,2
bunker’s,2
tensions,2
bank,2
highlight,2
equating,2
baf,2
stubbornly,2
nine,2
hole,2
predicts,2
changing,2
competitiveness,2
deployments,2
sums,2
swathe,2
steam,2
forcing,2
vlsfo-hsfo,2
giveans,2
incentivise,2
fuel-efficient,2
ideally,2
subscription,2
there’s,2
in-depth,2
headed,2
crunch,2
profiles,2
proving,2
ceos,2
glasgow,2
shaping,2
white,2
minister,2
receive,2
equates,2
ikea,2
unilever,2
brooks,2
frog,2
bikes,2
inditex,2
michelin,2
patagonia,2
tchibo,2
join,2
mepc,2
decisive,2
compatriot,2
industrial-scale,2
biolng,2
groups,2
marseille,2
partnership,2
aix-marseille-provence,2
totalenergies,2
so-called,2
conference,2
rodolphe,2
planet,2
causing,2
consume,2
consumer,2
perceived,2
capes,2
-foot,2
carries,2
strongest,2
machines,2
aggressive,2
powerful,2
stops,2
predictable,2
exciting,2
stations,2
lots,2
pollute,2
common,2
regulators,2
flag,2
appropriate,2
jointly,2
plant,2
responsible,2
shore,2
berth,2
noticed,2
policies,2
weather,2
economist,2
reacting,2
her,2
burnt,2
extracted,2
earth,2
negotiate,2
shares,2
placing,2
conversion,2
kilogram,2
gets,2
tiny,2
price-wise,2
arabian,2
future-proof,2
subsidiary,2
nitrogen,2
oxides,2
fine,2
tank-to-wake,2
advantages,2
domestic,2
vented,2
promoting,2
cgm’s,2
historic,2
profits,2
drewry’s,2
market-based,2
calculated,2
thereby,2
decides,2
-eq,2
curve,2
deck,2
pan,2
brazilian,2
miner,2
vale,2
vale’s,2
demonstrates,2
strive,2
shipbuilding,2
cssc,2
covers,2
ten,2
rankings,2
cosco,2
signing,2
concedes,2
expert,2
purpose,2
irr,2
variations,2
nonetheless,2
retrofits,2
challenged,2
rises,2
headline,2
keeps,2
draw,2
twice,2
naturally,2
aer,2
secure,2
funding,2
extends,2
loans,2
misc,2
favourable,2
yields,2
ce,2
delft,2
concludes,2
realise,2
keller,2
bid,2
members,2
newbuildings,2
intra-regional,2
pioneer,2
groundbreaking,2
developers,2
ramp,2
concept,2
execution,2
welcomed,2
chatterton,2
experience,2
round,2
lately,2
private,2
stephens,2
ambitions,2
onset,2
deemed,2
outlays,2
imply,2
band,2
seasonal,2
accounted,2
distillates,2
bbl,2
expectations,2
improvements,2
deepsea,2
emitted,2
ghgs,2
economy,2
plausible,2
pick,2
consequences,2
cells,2
depend,2
principles-compliant,2
eliminating,2
sox,2
health,2
trillion-dollar,2
temporary,2
pace,2
addressed,2
egcs,2
mitigate,2
sooner,2
insurance,2
evolving,2
pleased,2
corporate,2
sea-intelligence,2
topsy-turvy,2
closing,2
christian,2
co-founder,2
denmark-based,2
closely,2
began,2
tends,2
channoil,2
strength,2
crunching,2
investigated,2
scrubbing,2
lastly,2
focussed,2
accordingly,2
unsurprisingly,2
scheme,2
indicative,2
momentum,2
horizon,2
shipmanagers,2
bunkerplanner,2
analytical,2
adapt,2
calculating,2
slowly,2
predominant,2
relevant,2
tc,2
calculate,2
commenced,2
approval,2
officer,2
uniper,2
ued,2
formed,2
ued’s,2
mission,2
cleaner,2
enables,2
liebig,2
fitting,2
adopt,2
survive,2
asked,2
dirty,2
decommissioning,2
fines,2
well-coordinated,2
accounting,2
close-to-zero,2
marine-level,2
reliability,2
submarines,2
economical,2
passive,2
removal,2
engineering,2
mass-manufactured,2
pack,2
capex,2
triple-e,2
service-speed,2
catalysts,2
implement,2
super-low,2
unsuited,2
blow,2
usually,2
hurdle,2
fear,2
material,2
wrong,2
vlocs,2
unthinkable,2
game,2
changer,2
incremental,2
ernest,2
bankrupt,2
yusen,2
kaisha,2
commercialise,2
cassandra,2
higham,2
low-carbon,2
puzzle,2
reveal,2
explored,2
reasonably,2
impacted,2
raised,2
confident,2
ulsfo,2
sets,2
mind,2
concerning,2
encouraging,2
activities,2
bareboat,2
fremantle,2
anchorages,2
flexibility,2
ranks,2
suffer,2
negotiated,2
berglund,2
subject,2
hold,2
declined,2
constrained,2
clothing,2
box,2
alphaliner,2
intelligence,2
rendering,2
webinar,2
thought,2
suffered,2
anticipated,2
exacerbated,2
lock,2
apparent,2
vgo,2
pool,2
plenty,2
iceberg,2
sensible,2
termed,2
standing,2
alibra,2
unusual,2
experienced,2
peaked,2
opec,2
cuts,2
liked,2
predict,2
unheard,2
person,2
planned,2
axs,2
adams,2
spat,2
surrounding,2
sharp,2
pre-coronavirus,2
dominate,2
peaking,2
drastically,2
reworked,2
rob,2
aarvold,2
shortly,2
validation,2
revised,2
justification,2
incorporating,2
malta,2
remainder,2
scrapyards,2
downward,2
demo,2
allied,2
excessive,2
recycle,2
additionally,2
briefing,2
frew,2
scrapped,2
compounded,2
restrictions,2
yesterday’s,2
eca,2
zones,2
delays,2
kits,2
peers,2
aren’t,2
factories,2
arguably,2
stunning,2
firm’s,2
pocketing,2
fortunes,2
six-figure,2
sinokor,2
resales,2
opportunistic,2
boss,2
replied,2
prepare,2
generally,2
reflecting,2
paddy,2
founder,2
consistent,2
poll,2
vote,2
fee,2
hike,2
review,2
exceptional,2
specification,2
diffs,2
calorific,2
up-to-date,2
send,2
whatsapp,2
bot,2
sell,2
offered,2
record-low,2
valuations,2
explaining,2
contribute,2
optimistic,2
defective,2
shale,2
sludging,2
evidence,2
arms,2
leverage,2
dipping,2
nimble,2
occasionally,2
reacted,2
models,2
security,2
shifted,2
speculated,2
bump,2
indicated,2
kicks,2
slump,2
structure,2
contango,2
backwardation,2
hsfo-vlsfo,2
implied,2
stems,2
fell,2
knows,2
meant,2
sits,2
inventory,2
words,2
sitting,2
grew,2
panamaxes,2
deadweight,2
ownership,2
time-charter,2
sale,2
africa,2
securing,2
critics,2
koole,2
expand,2
producers,2
cockett,2
onshore,2
aftermath,2
ramifications,2
lubricants,2
outcomes,2
yunic,2
beaches,2
eve,2
speculating,2
bracing,2
scrap,2
expense,2
draws,2
end-,2
determinant,2
open-loop,2
msi’s,2
ex-wharf,2
nudging,1
swerving,1
acutely,1
quoted,1
incoming,1
intertek,1
lintec,1
tuesday,1
minimum,1
incidents,1
inter-relationships,1
suez,1
renewed,1
scrubbered,1
unscrubbered,1
earn,1
tce,1
noticeably,1
fears,1
plummeting,1
greeted,1
normally,1
adverse,1
singspore,1
rocketing,1
ever-wider,1
deltas,1
divergences,1
british,1
issuing,1
exceeded,1
rail,1
cylinder,1
wekk,1
turbo,1
charger,1
fouling,1
organic,1
background,1
spiralled,1
contributor,1
tightness,1
lanes,1
existence,1
hefty,1
nymex,1
reopening,1
delta,1
comfort,1
consuming,1
melting,1
earth’s,1
sian,1
aadvisor,1
advisor,1
answered,1
super,1
pollutant,1
frankenstein,1
beggars,1
belief,1
amidst,1
knowing,1
definitive,1
ask,1
seek,1
ipieca,1
iumi,1
ocimf,1
whom,1
consultative,1
concawe,1
jpec,1
co-authors,1
instability,1
relating,1
four-week,1
piraeus,1
miami,1
san,1
vincente,1
bee,1
i’ve,1
frequency,1
alarming,1
america’s,1
destination,1
amspec,1
lawyers,1
busy,1
beth,1
liability,1
recommended,1
charterparties,1
worded,1
provisions,1
clarify,1
sampling,1
procedures,1
owing,1
inspections,1
de-bunkering,1
scalp,1
india’s,1
indian,1
standstill,1
businessline,1
looming,1
shortage,1
tripartite,1
kandla,1
cochin,1
confirm,1
nations,1
hinted,1
philippines,1
beijing,1
tax,1
waiver,1
ningbo,1
trying,1
asia’s,1
reuters,1
storages,1
country’s,1
licensed,1
quota,1
incident,1
year-on,1
dnv’s,1
confirmed,1
prohibitively,1
boxship,1
lessor,1
mc-kinney,1
center,1
ammonia-powered,1
perpendiculars,1
breadth,1
incorporates,1
sports,1
non-pressurised,1
travel,1
endurance,1
sabre,1
demonstrating,1
projecting,1
tapped,1
sdari,1
specialist,1
provider,1
fullerton,1
hotel,1
kicking,1
proponent,1
complain,1
david,1
mixture,1
hybrids,1
you’ve,1
highlighting,1
pillars,1
susana,1
they’d,1
sharing,1
lacking,1
multi-fuel,1
everything,1
geographic,1
you’ll,1
you’re,1
fantastically,1
futuristic,1
discover,1
eleni,1
metis,1
cyberspace,1
envisions,1
connectivity,1
skilled,1
root,1
rajesh,1
shipmanager,1
efficiencies,1
behavioral,1
caterpillar,1
butterfly,1
behave,1
else,1
staff,1
wind-assisted,1
drag-reduction,1
floor,1
kris,1
columnist,1
materialise,1
pretty,1
swire’s,1
none,1
sort,1
monaco,1
yacht,1
club,1
i’ll,1
amend,1
proposing,1
battery-powered,1
oh,1
wondering,1
mountains,1
mice,1
quote,1
roman,1
poet,1
wittering,1
harilaos,1
psaraftis,1
refers,1
chambers,1
titled,1
pools,1
discusses,1
lloyds,1
ahti,1
suspect,1
gentle,1
reader,1
reactions,1
mine,1
bestir,1
fun,1
clever,1
folk,1
thank,1
differ,1
incidentally,1
stem,1
notice,1
everyday,1
stuff,1
reading,1
three-year-old,1
item,1
litres,1
hour,1
friends,1
trees,1
convenient,1
beach,1
steel,1
screw,1
steamships,1
expensively,1
palletisation,1
roll-on,1
roll-off,1
lighter,1
revolutions,1
intensive,1
confronting,1
walk,1
pat,1
breathe,1
man-made,1
dangerous,1
scared,1
video,1
awaited,1
emblazoned,1
ekmann,1
mega,1
care,1
extensive,1
soon-to-launch,1
design-related,1
progressing,1
succeeded,1
internally,1
ola,1
jakobsen,1
surged,1
pipeline,1
broad,1
count,1
tally,1
soared,1
thrilled,1
unveil,1
alltheway,1
pic,1
yard’s,1
books,1
benefitting,1
lower-than-expected,1
discouraged,1
editorials,1
misplaced,1
stopped,1
goes,1
race,1
wary,1
posterity,1
arena,1
traction,1
independently,1
ucome,1
delivered-onboard,1
binks,1
choose,1
rolling,1
platts,1
nicholas,1
ball,1
xfuel,1
credentials,1
tens,1
tentatively,1
best-case,1
timelines,1
obvious,1
arrives,1
infancy,1
side-step,1
emsa,1
valuable,1
mixing,1
xfuel’s,1
interchangeably,1
market-wide,1
raw,1
ingredient,1
biological,1
block,1
dictate,1
ecosystems,1
scaled,1
above-mentioned,1
unlocked,1
lignocellulose,1
plant-based,1
forestry,1
decompose,1
incinerated,1
conundrum,1
comparably,1
yet-to-be-built,1
re-building,1
convert,1
unlocks,1
inaccessible,1
dollart,1
bunkered,1
consisting,1
vlissingen,1
morgan’s,1
texas,1
eneos,1
eco-friendly,1
oils,1
origin,1
iscc,1
compiled,1
endures,1
debunkered,1
indicates,1
dispute,1
disputes,1
gaps,1
off-quantity,1
foothold,1
licensing,1
supplier’s,1
properly,1
offset,1
professional,1
registers,1
sound,1
chose,1
millions,1
scandals,1
week’s,1
conferemce,1
registering,1
electronically,1
notes,1
documents,1
digitally,1
blame,1
traced,1
pinnacle,1
unicious,1
khorfakkan,1
arab,1
emirates,1
shipped,1
tanjung,1
pelepas,1
ogci,1
initiated,1
two-year,1
three-phase,1
deltamarin,1
tno,1
investigate,1
deploying,1
ogci’s,1
hr,1
seven-member,1
mr,1
non-proprietary,1
processes,1
broadly,1
publicly,1
maximise,1
encourage,1
demonstration,1
involve,1
hours,1
retain,1
mid-term,1
sourcing,1
real-world,1
gcmd’s,1
christiaan,1
beukelaer,1
researcher,1
melbourne,1
tricky,1
tightrope,1
pursuit,1
christiaan’s,1
winds,1
abundantly,1
substitute,1
message,1
inaugural,1
wish,1
equation,1
syllabus,1
wmu,1
academics,1
mention,1
insufficient,1
interventions,1
decoupling,1
contrary,1
decreased,1
rebounded,1
millennia-old,1
priority,1
marginal,1
exhausted,1
mechanical,1
secondly,1
shore-based,1
nine-tenths,1
materials,1
solves,1
fourth,1
leakage,1
lungs,1
humans,1
potent,1
tackle,1
swapping,1
wmu’s,1
covered,1
awful,1
succinct,1
manner,1
baseline,1
bar,1
curb,1
obviously,1
elusive,1
helps,1
greenest,1
elephant,1
users,1
cargos,1
crux,1
rethinking,1
equitable,1
guarantees,1
hard-pressed,1
unctad,1
document,1
revision,1
boil,1
considerable,1
divided,1
slide,1
tied,1
healthy,1
strengthening,1
week-on-week,1
lists,1
thinned,1
five-year,1
brisk,1
younger,1
performing,1
faith,1
firming,1
joakim,1
oversees,1
cleaves,1
barstad,1
frontline,1
dubious,1
precise,1
calibration,1
tamper-proof,1
seals,1
coriolis,1
fluids,1
measured,1
computerised,1
exact,1
counter-parties,1
ambiguity,1
atmospheric,1
climatic,1
variables,1
manual,1
formulae,1
transaction,1
opacity,1
accuracy,1
corruption,1
malpractice,1
slops,1
temperatures,1
tampering,1
gauging,1
paperwork,1
skew,1
meter-equipped,1
turkish-built,1
operates,1
lindsey,1
immingham,1
belgium,1
zeebrugge,1
ever-changing,1
refueling,1
simultaneously,1
geert,1
boden,1
formerly,1
pasha,1
threatening,1
eclipse,1
surprised,1
bunkerex’s,1
expanded,1
one-off,1
marketing,1
purposes,1
releases,1
tie,1
anyways,1
non-committal,1
greenwashing,1
exercise,1
anyway,1
roar,1
adland,1
school,1
much-needed,1
russians,1
crack,1
contribution,1
in-kind,1
shape,1
curating,1
executing,1
complexities,1
addresses,1
safeguards,1
gcmd-led,1
ensures,1
applicability,1
apply,1
waivers,1
accordance,1
lowered,1
es’s,1
two-stroke,1
bottom-up,1
convening,1
like-minded,1
participate,1
altogether,1
participating,1
continents,1
pilots,1
forth,1
reside,1
optimise,1
lens,1
hydrotreated,1
vegetable,1
bunkertrace’s,1
dna,1
tracing,1
validate,1
authenticity,1
molecular,1
collected,1
traceability,1
application,1
travelling,1
tramp,1
environments,1
effort,1
leveraging,1
trialling,1
algae,1
third-generation,1
commence,1
characterised,1
promised,1
worked,1
stemming,1
opposite,1
cutting,1
sometimes,1
incentives,1
plug,1
digitalisation,1
combine,1
favourably,1
norsepower’s,1
tananger,1
norway,1
achieves,1
thrust,1
shaft,1
balances,1
peaks,1
pto,1
pti,1
tangible,1
simplifying,1
dry-dock,1
inundated,1
obtain,1
instant,1
quotes,1
integrated,1
works,1
real-time,1
shipyard,1
slots,1
impactful,1
suited,1
siloed,1
fruition,1
re-adjust,1
recognising,1
algorithms,1
antiquated,1
outdated,1
updating,1
incentivising,1
rewarding,1
guaranteeing,1
all-too-familiar,1
anomalies,1
clauses,1
counter-intuitive,1
optimising,1
relegated,1
holistic,1
rewrite,1
defining,1
co-operative,1
arrangements,1
firms,1
invoke,1
voted,1
extending,1
eu’s,1
polluters,1
nitrous,1
oxide,1
bloc,1
dialled,1
rhetoric,1
joe,1
biden,1
th,1
tinto’s,1
transatlantic,1
atlantic-pacific,1
longest-duration,1
canada’s,1
sept-,1
quebec,1
bp-manufactured,1
composed,1
anglo,1
analyse,1
degradation,1
microbial,1
portfolio,1
laure,1
baratgin,1
longer-duration,1
wide-scale,1
shipbroker,1
exchange’s,1
urgent,1
reflect,1
makeup,1
disappointing,1
wondered,1
gibson’s,1
database,1
-year-old,1
scrubber-equipped,1
earned,1
apart,1
internationally,1
sanctioned,1
venezuelan,1
notable,1
mainstream,1
evidently,1
exchange,1
description,1
begs,1
mused,1
rolled,1
secured,1
adam,1
nielsen,1
division,1
asserted,1
express,1
fuji,1
one’s,1
malacca,1
onwards,1
durban,1
town,1
brown,1
grease,1
bgme,1
shunning,1
raft,1
stymied,1
seafarer,1
killed,1
stranded,1
ukrainian,1
ministry,1
defense,1
inc,1
extraordinarily,1
announcing,1
fortnightly,1
political,1
unpredictable,1
fluctuations,1
surcharge,1
leapt,1
crossing,1
spiked,1
russia-ukraine,1
deescalation,1
city,1
outbreaks,1
criticism,1
alerted,1
spec,1
mitsui,1
osk,1
mol,1
victim,1
consecutive,1
knocked,1
hsfo-consuming,1
valemax,1
harmony,1
contaminants,1
aluminium,1
silicon,1
abrasive,1
wear,1
four-digit,1
gmt,1
bottoming,1
geopolitical,1
tonnne,1
persist,1
totalled,1
modestly,1
sky-high,1
compensate,1
floors,1
ubstantial,1
staying,1
climbing,1
prioritising,1
touching,1
prolonged,1
vitol,1
russell,1
hardy,1
bloomberg,1
darkest,1
dawn,1
bleakness,1
notching,1
evercore,1
hopeful,1
oecd,1
bu,1
duration,1
edging,1
spurred,1
soaring,1
divergent,1
brs,1
sky,1
minimising,1
purchases,1
relook,1
braced,1
polled,1
randy,1
equity,1
eco-ships,1
massively,1
outperform,1
commentary,1
curtain,1
raiser,1
tiger,1
month’s,1
charge,1
lending,1
dirtier,1
serves,1
concise,1
snapshot,1
subscriptions,1
indications,1
languish,1
fueltrust,1
io,1
startup,1
heritage,1
ibm’s,1
watson,1
founders,1
darren,1
shelton,1
jonathan,1
arneault,1
ai-powered,1
chemist,1
thinks,1
batch,1
alisdair,1
pettigrew,1
communications,1
mood,1
witnessed,1
saturday,1
chamber,1
signalled,1
turning,1
attended,1
predominantly,1
middle-aged,1
male,1
blue-suited,1
seminal,1
encouragement,1
decisiveness,1
accustomed,1
feeling,1
uneasily,1
unrepresentative,1
elongated,1
wording,1
documentation,1
quizzical,1
expressions,1
purveyed,1
shaped,1
usurped,1
proclaimed,1
recipient,1
fooled,1
car,1
ocean-going,1
approximate,1
market’s,1
cozev,1
statement,1
welcome,1
edgar,1
blanco,1
jeff,1
bezos,1
evidentially,1
unavailable,1
l’espirit,1
changement,1
veered,1
inconclusive,1
agreeing,1
objective,1
nation,1
excused,1
asking,1
actions,1
mentality,1
delegates,1
packed,1
mandate,1
stifle,1
progression,1
emerged,1
agents,1
signal,1
hang,1
tying,1
multi-year,1
pyro-gasification,1
methanation,1
e-methane,1
assises,1
l’,1
la,1
mer,1
emmanuel,1
macron,1
douses,1
humanity,1
causes,1
combust,1
angles,1
settings,1
grt,1
affects,1
sub-sector,1
resilient,1
industrial-carriage,1
affordability,1
suitable,1
sinks,1
immune,1
brand-named,1
pledged,1
zara,1
affordable,1
anymore,1
eye-opener,1
cohort,1
testament,1
msr-fuel,1
metallic,1
cask,1
briefcase,1
gram,1
emits,1
amounting,1
stays,1
continuously,1
uncontrolled,1
carcinogenic,1
harmful,1
reputation,1
argue,1
end-of-life,1
reused,1
re-purposed,1
manned,1
specially,1
trained,1
personnel,1
flagged,1
flags,1
convenience,1
pass,1
solas,1
chapter,1
code,1
laying,1
resurgent,1
insurances,1
gear,1
supportive,1
energies,1
multitude,1
famous,1
martin,1
stopford,1
non-executive,1
bet,1
emma,1
hp,1
knot,1
guzzler,1
produces,1
manufactured,1
helping,1
inefficient,1
pushes,1
bang,1
buck,1
congratulated,1
sounds,1
revolutionary,1
manufacture,1
worldwide,1
rod,1
stewart,1
deepest,1
announcement,1
booked,1
condition,1
performed,1
spends,1
chiba,1
miserable,1
what’s,1
noth,1
marseille-headquartered,1
backyard,1
multi-process,1
treatment,1
commissioned,1
teamed,1
elengy,1
fos-sur-mer,1
feasibility,1
france’s,1
converting,1
biodegradable,1
provence,1
circular,1
area’s,1
pollutants,1
living,1
printing,1
eiger-like,1
ascent,1
thursday,1
steepest,1
climb,1
inception,1
composite,1
los,1
angeles,1
kare,1
press-kristensen,1
adviser,1
cost-efficient,1
transferable,1
quotas,1
idea,1
-equivalents,1
incentivize,1
motivate,1
prospectively,1
parallel,1
revenues,1
reimbursing,1
subsidies,1
aviation,1
trucks,1
levy-reimbursement,1
gwp-,1
reimbursed,1
aligned,1
paris-agreement,1
cf,1
gained,1
negligible,1
inreality,1
developmentin,1
thedecarbonisation,1
apossibility,1
upon,1
back-of-the-envelope,1
illustrate,1
kit,1
ocean’s,1
sporting,1
tilted,1
hydraulic,1
cylinders,1
automated,1
detects,1
whenever,1
automatically,1
consequent,1
rotors,1
rodrigo,1
bermelho,1
proves,1
vloc,1
adaptable,1
varied,1
undeniable,1
twelve,1
vlsfo-powered,1
group’s,1
spate,1
orderbooks,1
reclaim,1
overhaul,1
state-run,1
thirteen,1
valued,1
sextet,1
speculation,1
roll,1
doubt,1
flawed,1
honest,1
attempt,1
releasing,1
funds,1
bold,1
assertion,1
non-financial,1
equal,1
ticket,1
rabbit,1
envelope,1
stripped,1
currency,1
caveats,1
simple,1
static,1
translates,1
sake,1
inflation,1
imposed,1
umas,1
commission,1
rollout,1
limitation,1
routing,1
fairly,1
saves,1
incorporation,1
fleet-wide,1
tag,1
unlock,1
boot,1
shaving,1
conclusion,1
gift,1
liquified,1
acronym,1
blngg,1
dating,1
evolution,1
evaporating,1
boilers,1
ratio,1
preferable,1
announcements,1
auxiliaries,1
criteria,1
instigated,1
institutions,1
objectives,1
scoring,1
hatley,1
linked,1
preserves,1
dropped-in,1
extension,1
remove,1
cross-border,1
cumulative,1
tougher,1
variants,1
investigating,1
possibilities,1
futureproof,1
founding,1
france,1
airbus,1
carrefour,1
officially,1
fast-tracked,1
solving,1
moonshot,1
achievable,1
science-based,1
networks,1
e-methanol,1
bio-methanol,1
relies,1
strengthened,1
aspiration,1
kick,1
henriette,1
hallberg,1
thygesen,1
brands,1
methanol-fueled,1
finalised,1
engage,1
reiterated,1
alcohol-lignin,1
candidates,1
spectrum,1
airports,1
dsv,1
panalpina,1
dfds,1
airline,1
partnered,1
modes,1
breakthrough,1
coo,1
leadership,1
plank,1
neutrality,1
episode,1
outrage,1
optimism,1
podcast,1
regional,1
eschewed,1
avoided,1
pledge,1
nike,1
microsoft,1
starbucks,1
danone,1
mercedez-benz,1
transform,1
advocacy,1
priorities,1
roadmap,1
inclusive,1
societies,1
andrew,1
movers,1
labelled,1
acm’s,1
digit,1
tighter,1
tightened,1
central,1
portion,1
residential,1
kerosene,1
fed,1
vlso,1
mabux,1
moderately,1
retrofitted,1
pre-imo,1
simpler,1
fast-growing,1
replacing,1
meantime,1
contributing,1
badly,1
exacerbating,1
unicorn,1
removed,1
counter,1
intuitive,1
dictates,1
warranted,1
tomorrow,1
gauge,1
foreseeable,1
data-based,1
unintended,1
lng’s,1
risky,1
residues,1
deforestation,1
factually,1
confirms,1
cake,1
eat,1
cma-cgm,1
introducing,1
met,1
essentially,1
nox,1
particulate,1
waterways,1
non-toxic,1
seafaring,1
communities,1
obstacles,1
fix,1
fundamental,1
upstream,1
advancing,1
toxicity,1
super-cryogenic,1
urgency,1
tempting,1
clock,1
egcs’s,1
neither,1
ghg’s,1
futureproofing,1
protects,1
regardless,1
exacerbates,1
thousand,1
starts,1
backed,1
aaa-rated,1
activated,1
exceeds,1
hedging,1
spikes,1
bhatt,1
identifying,1
long-tail,1
promote,1
resiliency,1
sunday,1
copenhagen’s,1
emblematic,1
endured,1
triple-digit,1
talking,1
opening,1
declared,1
sat,1
nudge,1
east’s,1
tendency,1
correlating,1
normalisation,1
vaccines,1
lifted,1
post-covid-,1
normalised,1
timely,1
contacted,1
crept,1
subdued,1
outright,1
waddington,1
recovered,1
cal,1
normality,1
recovering,1
dwindling,1
pricings,1
pencilled,1
gibson,1
exempt,1
bio-derived,1
multiples,1
oversupplied,1
mandates,1
comparison,1
hands-down,1
vlcc’s,1
typical,1
justify,1
uncompetitive,1
absence,1
outcompeted,1
recovers,1
agendas,1
likes,1
biodiesels,1
deviate,1
commerce,1
served,1
separate,1
advocated,1
restrict,1
feasible,1
consideration,1
shoreline,1
ethane,1
underserved,1
planners,1
hungry,1
door-opener,1
personal,1
bias,1
bunkermetric’s,1
develops,1
watching,1
geared,1
carbon-based,1
transitionally,1
minor,1
bio-fuels,1
power-to-liquid,1
properties,1
interfaces,1
auxiliary,1
deviation,1
utilise,1
parties,1
prevailing,1
granted,1
hmd,1
accumulated,1
yh,1
chung,1
ones,1
dmcc,1
uae-based,1
friendly,1
collaborating,1
managing,1
un’s,1
culprit,1
creates,1
gary,1
hubbard,1
stack,1
profession,1
fiercely,1
capitalistic,1
uneconomical,1
propelled,1
motorship,1
red-hot,1
initiatives,1
harder,1
tell,1
backwards,1
accounts,1
smelting,1
ideology,1
intentions,1
impose,1
levees,1
externalities,1
before-and-after,1
inevitably,1
select,1
contains,1
quadruple,1
smallest,1
brutal,1
urban,1
professionally,1
ambient,1
leak,1
pipe,1
expulsion,1
salts,1
absorb,1
decay,1
compact,1
smart,1
mass-manufacturing,1
turbine,1
obstacle,1
swell,1
distrust,1
high-profile,1
pressurised,1
pwrs,1
turns,1
new-nuclear,1
techno-optimism,1
young,1
proximity,1
cities,1
leapfrog,1
painful,1
deep,1
reborn,1
slash,1
magic,1
tortuous,1
unanimous,1
seascape,1
oceans,1
mammoth,1
reaches,1
timeframe,1
pushing,1
totally,1
ugly,1
evil,1
containment,1
radiation,1
excitement,1
departure,1
promise,1
ample,1
suezmax,1
panamax,1
triple-es,1
respect,1
machine,1
chernobyl,1
fukushima,1
handling,1
proliferation,1
mass-production,1
electro-fuels,1
smokestacks,1
engineers,1
downsized,1
turbines,1
machinery,1
reverse,1
cold,1
ironing,1
bartering,1
charges,1
headache,1
alike,1
enabling,1
bafs,1
through-life,1
monitoring,1
remote,1
ticks,1
boxes,1
hafnia,1
haldor,1
topsoe,1
vestas,1
siemens,1
gamesa,1
fuel’s,1
oil-based,1
pictured,1
hemingway,1
comparable,1
hemmingway,1
sic,1
seemed,1
unfeasible,1
cars,1
readying,1
teaming,1
classnk,1
malaysia’s,1
flagship,1
samsung,1
world-first,1
eidesvik’s,1
viking,1
high-power,1
fuel-cell,1
namely,1
alcohol,1
castrol’s,1
reveals,1
transformative,1
adapts,1
contributors,1
immense,1
constraint,1
surveyed,1
high-level,1
individuals,1
tremendous,1
unfolding,1
integration,1
pieces,1
profitably,1
achieving,1
list,1
imminent,1
rewinding,1
smooth,1
pockets,1
brazil,1
interviewees,1
lesson,1
fair,1
oems,1
remained,1
capabilities,1
quo,1
lowest,1
ranked,1
credible,1
questioning,1
section,1
maturity,1
two-thirds,1
organisational,1
smoothly,1
seamlessly,1
respondent,1
summarised,1
overriding,1
mid-point,1
australia’s,1
vacamonte,1
kwinana,1
anthony,1
tolani,1
zealand,1
arrival,1
supplyvlsfo,1
joining,1
larcom,1
anatoma,1
svitzer,1
lessons,1
learned,1
helped,1
staunch,1
seaintelligence,1
quantitative,1
appearing,1
site’s,1
disproportionally,1
praised,1
resolve,1
darkening,1
saade,1
toughest,1
reverses,1
reinstating,1
patrik,1
aggressively,1
withdrawing,1
creative,1
disciplined,1
safeguard,1
dire,1
individual,1
claim,1
looked,1
indexes,1
weakening,1
serve,1
bellwether,1
stress-test,1
eurozone,1
composites,1
pmis,1
sluggish,1
caixin,1
nbs,1
denominator,1
sub,1
plummeted,1
faltering,1
census,1
slammed,1
brick,1
wall,1
lockdown,1
accessories,1
furniture,1
motor,1
vehicle,1
slashed,1
constitute,1
containerised,1
calamity,1
sharpest,1
platou,1
sobering,1
inactive,1
breach,1
pandemic-linked,1
loss-making,1
reversing,1
failure,1
prevent,1
simultaneous,1
staggering,1
tuned,1
instalment,1
he’s,1
hosting,1
triggering,1
seeming,1
inconsequential,1
boon,1
ripple,1
desist,1
ease,1
persists,1
societal,1
flowing,1
bleak,1
surprise,1
bankruptcies,1
korean,1
bail,1
hanjin,1
didn’t,1
gleeful,1
disappeared,1
scenario,1
ambivalent,1
surely,1
regret,1
became,1
charging,1
covd-,1
triggered,1
vacuum,1
mpa’s,1
assure,1
intact,1
genuine,1
pull,1
approve,1
licenses,1
mercuria,1
minerva,1
ironically,1
streams,1
ex-refinery,1
straight,1
frequently,1
problematic,1
forgiven,1
forgetting,1
rare,1
intelligent,1
pivot,1
pre,1
recognise,1
jan,1
christensen,1
hapag-lloyd,1
charlotte,1
rojgaard,1
cry,1
worsening,1
shelve,1
rebecca,1
galanopoulos,1
jones,1
lunar,1
celebrations,1
progressively,1
flooded,1
firmed,1
pdpr,1
cooled,1
await,1
hasn’t,1
filtered,1
emphasis,1
strongly,1
tailing,1
quiet,1
season,1
yo-yo,1
fixture,1
one-two,1
filled,1
virgin,1
glimmer,1
redundant,1
proceed,1
stuck,1
consequently,1
unable,1
answers,1
grim,1
stellar,1
delaying,1
downturn,1
intensifies,1
drip,1
cancellations,1
flood,1
specialists,1
maths,1
brave,1
ian,1
pro-scrubber,1
circumstances,1
dwell,1
distorted,1
post-coronavirus,1
culminating,1
surplus,1
nadir,1
deterrent,1
take-up,1
avoids,1
propensity,1
day-to-day,1
dump,1
survival,1
hemisphere,1
double-digit,1
stabilising,1
intimidating,1
feared,1
rushing,1
pill,1
swallow,1
hump,1
congestion,1
discernible,1
eight-week-old,1
jason,1
jiang,1
investigates,1
chartering,1
jamie,1
trader,1
buyer,1
gms,1
imbalance,1
foot,1
disarray,1
pushed,1
accommodate,1
seasure,1
shipbroking’s,1
comparing,1
choosing,1
upswing,1
committing,1
maintaining,1
passing,1
surveys,1
adds,1
feeders,1
trickle,1
employment,1
james,1
desirability,1
dwarfed,1
attribute,1
principally,1
hesitating,1
disposing,1
consumes,1
anti-scrubber,1
camp,1
approached,1
devices,1
soren,1
affecting,1
disruption,1
seaports,1
workers,1
truck,1
drivers,1
warehouses,1
constantly,1
knife,1
prone,1
swings,1
pair,1
job,1
veteran,1
stepped,1
cfo,1
gushed,1
citing,1
blew,1
ushering,1
precipitous,1
rarely,1
severity,1
shock,1
sudden,1
attacks,1
plummet,1
monumental,1
maintains,1
exclusive,1
pounced,1
resale,1
daewoo,1
dsme,1
reminds,1
connection,1
opponents,1
opting,1
stresses,1
headlines,1
team,1
specs,1
catastrophe,1
fundamemtals,1
tranche,1
ageing,1
pointedly,1
reminder,1
stoop’s,1
consolidation,1
subscribe,1
email,1
grant,1
asiashippingmedia,1
rina,1
replying,1
safely,1
paraffinic,1
correct,1
finished,1
conclude,1
submissions,1
dated,1
thoroughly,1
seriously,1
community,1
prevention,1
sub-committee,1
bulls,1
antwerp’s,1
disappoint,1
morning,1
posted,1
eked,1
capitalisation,1
timed,1
bull-run,1
deals,1
improved,1
influence,1
arch-scrubber,1
critic,1
upturn,1
contracting,1
hinting,1
ruled,1
optionality,1
esg,1
disclosed,1
rating,1
disclosure,1
cdp,1
intends,1
scrubberless,1
breathing,1
sliding,1
uptick,1
marked,1
wave,1
whereas,1
declining,1
stabilization,1
shipowning,1
brooking,1
plartform,1
quoting,1
reques,1
thinning,1
ralph,1
banchero,1
costa,1
shortages,1
constraints,1
equilibrium,1
consultants,1
logistically,1
voters,1
topical,1
marpoll,1
minutes,1
registration,1
tariffs,1
communicated,1
eff,1
activate,1
defined,1
assisted,1
dnl,1
maker,1
es,1
urges,1
included,1
contents,1
transiting,1
artic,1
trending,1
tags,1
impatiently,1
queuing,1
bottleneck,1
supporters,1
validated,1
publicity,1
advertising,1
automatic,1
hundreds,1
ping,1
weren’t,1
ecsa,1
jumping,1
drone,1
strike,1
baghdad,1
airport,1
killing,1
qasem,1
soleimani,1
apparently,1
defensive,1
roofed,1
worryingly,1
iran’s,1
supreme,1
ayatollah,1
ali,1
khamenei,1
vowed,1
revenge,1
iran,1
disrupt,1
military,1
exercises,1
surviving,1
j,1
totting,1
cemented,1
edge’s,1
portfolios,1
etf,1
bumper,1
irrational,1
panic,1
setup,1
generational,1
pessimism,1
outweighed,1
minyzmyer,1
describes,1
bifurcates,1
modern,1
legacy,1
off-hire,1
vlgc,1
sour,1
longer-term,1
horizons,1
pressed,1
picks,1
attractively,1
chooses,1
golar,1
flex,1
checking,1
regularly,1
grappling,1
continent,1
estonia,1
encountered,1
purification,1
estonian,1
deposition,1
turbocharger,1
hogg,1
infospectrum,1
careers,1
comprised,1
mopped,1
original,1
hands-on,1
riskier,1
spin,1
offs,1
toes,1
varying,1
degrees,1
fly-by-night,1
unsustainable,1
concentrate,1
wholesale,1
large-scale,1
regard,1
lower-risk,1
enterprises,1
folding,1
maximising,1
lower-grade,1
corp,1
peninsula,1
ltd,1
oceanconnect,1
imposition,1
lesser,1
recover,1
exxonmobil,1
patenting,1
make-up,1
directly,1
matched,1
beneficiaries,1
compliance-heavy,1
self-limiting,1
sufficiently,1
understood,1
allocated,1
reminiscent,1
derivative,1
heady,1
theory,1
execute,1
teeth,1
onboarding,1
utterly,1
timescale,1
employee,1
client,1
retention,1
norm,1
feedback,1
recapturing,1
concerned,1
witness,1
departures,1
stretched,1
top-quality,1
accurate,1
reestablishing,1
totalling,1
lukoil,1
indication,1
surprises,1
converging,1
nicely,1
sit,1
drawn,1
trader’s,1
cushing,1
watch,1
begun,1
differences,1
vlsfo-mgo,1
doubled,1
converge,1
slice,1
macro,1
bearish,1
reversed,1
stats,1
parting,1
buzzword,1
tracks,1
mentioned,1
thousands,1
courtesy,1
cb,1
mitigation,1
phone,1
reply,1
reckoning,1
rumours,1
swirl,1
extortionate,1
heard,1
reasonable,1
unfolds,1
shadow,1
respite,1
saudi’s,1
braces,1
regained,1
crazy,1
flurry,1
scenarios,1
begins,1
cracks,1
interestingly,1
window,1
searching,1
illustrates,1
basket,1
nearby,1
jubilation,1
deceptively,1
gofo,1
talk,1
appec,1
fo,1
gaining,1
drags,1
cal-,1
grows,1
flat,1
weaker,1
nov-,1
vinyl,1
outsell,1
cds,1
comeback,1
conceived,1
enerfo,1
outset,1
snatching,1
derives,1
evaluation,1
promotes,1
explains,1
lukasz,1
omegra’s,1
annualised,1
outperforming,1
supramaxes,1
kamsarmax,1
handysize,1
benefitted,1
asset-light,1
versatile,1
shipownership,1
ever-changeable,1
open-mind,1
eye,1
solid,1
percolate,1
buoyant,1
tighten,1
intra-market,1
sustain,1
wildcard,1
wars,1
admits,1
gave,1
hint,1
erstwhile,1
vocal,1
opponent,1
controversial,1
oceania,1
scheduled,1
sungai,1
linggi,1
malaysian,1
transhipment,1
canny,1
preparation,1
crossroads,1
loudest,1
mover,1
flaws,1
facts,1
speculate,1
relented,1
mats,1
berglund-led,1
basin,1
supramax,1
-compliant,1
centrepiece,1
giant’s,1
petrochemical,1
pid,1
located,1
koole’s,1
botlek,1
heart,1
toll,1
complies,1
price-based,1
stable,1
lindegaard,1
vopak,1
cater,1
acquired,1
bon,1
monjasa’s,1
panama,1
canal,1
parameters,1
dubai,1
aarhus,1
delhi,1
accra,1
annie,1
anders,1
brink,1
segregate,1
contributes,1
fully-furnished,1
handle,1
organization-mandated,1
hearing,1
dichotomy,1
unattractive,1
london’s,1
mid-july,1
dragged,1
eight-month,1
to-be-launched,1
imports,1
fourfold,1
june’s,1
refinitiv,1
oncoming,1
sped,1
fis’s,1
cem,1
dubai-headquartered,1
resellers,1
pronounced,1
adaptation,1
waterborne,1
segregation,1
pipelines,1
there’ll,1
accumulation,1
reckoned,1
shrink,1
york,1
poten,1
enormity,1
describing,1
wilhelmsen,1
finalise,1
switchover,1
special,1
guide,1
advice,1
tick,1
clicking,1
viewpoint,1
impending,1
measuring,1
countdown,1
sharpens,1
precious,1
efficiently,1
reams,1
devoted,1
topic,1
discourse,1
rightly,1
seismic,1
well-documented,1
pivotal,1
debunkering,1
refits,1
litigation,1
firstly,1
fragmented,1
traceable,1
presents,1
arising,1
manifest,1
cat,1
redouble,1
inspection,1
regimes,1
desperately,1
refocusing,1
examining,1
holistically,1
interdependencies,1
accepted,1
rulebook,1
isolation,1
familiarise,1
preparedness,1
ifs,1
post-sulphur,1
yuka,1
kogyo,1
patent,1
disperses,1
asphaltene,1
paraffin,1
wax,1
suppress,1
easing,1
trouble,1
simpson,1
ovine,1
gridlock,1
indicators,1
brake,1
lights,1
nowhere,1
champagne,1
fretting,1
hoping,1
gestation,1
calf,1
exporters,1
advising,1
abrupt,1
vet,1
write,1
chemistry,1
physics,1
graduating,1
uni,1
colloquially,1
heated,1
saltwater,1
registered,1
pakistan,1
bangladesh,1
glut,1
chop,1
survives,1
mitigating,1
guaranteed,1
tempt,1
anticipation,1
mothballed,1
rebooted,1
leaks,1
fires,1
tactic,1
slower,1
familiar,1
deaths,1
extract,1
fraught,1
coastline,1
rivers,1
geographical,1
dispose,1
responsibly,1
clunker,1
legs,1
un,1
discussing,1
advertised,1
factoring,1
notified,1
nose,1
allowable,1
self-imposed,1
moratorium,1
belatedly,1
acknowledged,1
stress,1
concentrating,1
haven’t,1
attempts,1
perception,1
amusingly,1
dictionary,1
definition,1
mob,1
dying,1
opposition,1
likelihood,1
slim,1
acceptance,1
desire,1
imported,1
chilled,1
frozen,1
meats,1
chicken,1
importing,1
woes,1
amsa,1
tiered,1
halve,1
agriculture,1
loggers,1
scrutiny,1
hopefully,1
orchestrated,1
farmer,1
lobbying,1
whim,1
reputations,1
simpson’s,1
archive,1
shocking,1
limiting,1
bp’s,1
trialled,1
hong,1
kong,1
salalah,1
seattle,1
map,1
detailing,1
supports,1
campaign,1
conducting,1
ship-board,1
complying,1
eddie,1
gauci,1
sinopec,1
janaury,1
fixtures,1
totals,1
bearing,1
aforementioned,1
loading,1
rarer,1
forwards,1
slumped,1
diversified,1
intensify,1
diversifies,1
movement,1
haul,1
basin-produced,1
distances,1
determined,1
tim,1
smith,1
nearer,1
clearing,1
arguments,1
attract,1
penetration,1
mirror,1
pattern,1
legitimate,1
explicit,1
adopted,1
bans,1
designated,1
sweet,1
yield,1
additions,1
onstream,1
jazan,1
skewed,1
system’s,1
spare,1
aggregate,1
levers,1
pulled,1
absorbing,1
overhang,1
diesel-rich,1
redistribution,1
diesel-short,1
underlying,1
fragility,1
benign,1
range-bound,1
considerably,1
clearer,1
proxy,1
parity,1
anywhere,1
disappear,1
technically,1
linearly,1
near-parity,1
assumes,1
bpd,1
touted,1
prediction,1
fulfilled,1
strained,1
near-max,1
hsfo-mgo,1
skews,1
weakens,1
police,1
baltics,1
caribbean,1
east-west,1
arb,1
uncertain,1
dedicated,1
closed-loop,1
additives,1
complicate,1
cargill,1
surfaces,1
on-board,1
eua,1
cer,1
ver,1
credits,1
hedge,1
homes,1
stop,1
mixed,1
talked,1
assists,1
